<?xml version="1.0" encoding="UTF-8"?>
<project-private xmlns="http://www.netbeans.org/ns/project-private/1">
    <editor-bookmarks xmlns="http://www.netbeans.org/ns/editor-bookmarks/2" lastBookmarkId="0"/>
    <open-files xmlns="http://www.netbeans.org/ns/projectui-open-files/2">
        <group>
            <file>file:/F:/school/Senior%20Year/Ai%20Programming/AStar/src/AStar/Data.java</file>
            <file>file:/F:/school/Senior%20Year/Ai%20Programming/AStar/src/AStar/Node.java</file>
            <file>file:/F:/school/Senior%20Year/Ai%20Programming/AStar/src/AStar/Board.java</file>
            <file>file:/F:/school/Senior%20Year/Ai%20Programming/AStar/src/AStar/AStar.java</file>
        </group>
    </open-files>
</project-private>
